id,name,description,terms,image_url,expiration
1284,Crystal Light Liquid,"3-pack of 1.62 fl oz. bottles
Offer only redeemable at Sam's Club","Offer valid on Crystal Light Liquid in 3-pack of 1.62 fl oz. bottles

Offer only redeemable at Sam's Club.",http://s3.amazonaws.com/ibotta-product/offer/Fs9JO4bjT5Kakh920d4WEw-large.png,2016-04-03 06:59:00 UTC
1287,Crystal Light,"Any variety -  32 quart package
Offer only redeemable at Sam's Club","Offer valid on Crystal Light, for any variety, in 32 quart package

Offer only redeemable at Sam's Club.",http://s3.amazonaws.com/ibotta-product/offer/D7lbegjPt6uQPT_TKnVkdA-large.png,2016-04-03 06:59:00 UTC
1350,Country Time® Lemonade,"Any variety - 67 oz. canister or larger
Offer only redeemable at Sam's Club","Offer valid on Country Time® Lemonade, for any variety, in 67 oz. canister or larger

Offer only redeemable at Sam's Club.",http://s3.amazonaws.com/ibotta-product/offer/BvYuICcVeXxACkehtYl_uA-large.png,2016-04-03 06:59:00 UTC
1517,Bhakti Chai,"Ready-To-Drink 16 oz. Bottle - Iced Chai
Original * Semi-Sweet * Decaf * Coffee-Blend","Offer valid on Bhakti Ready-To-Drink Chai, For any variety, in 16 oz. bottle

Offer only redeemable at Whole Foods.",http://product-images.ibotta.com/offer/eJ3W0yT9RY5de1j_Tn3L2Q-large.png,2016-04-03 06:59:00 UTC
1579,Good Food Made Simple,"Breakfast Burritos - Any variety - 1 ct.
Offer only redeemable at Target","Offer valid on Good Food Made Simple Breakfast Burritos for any variety, in 1 ct.

Offer only redeemable at Target.",http://s3.amazonaws.com/ibotta-product/offer/DaXjybA--LnzSFoq6_eRkg-large.png,2016-02-14 06:59:00 UTC
1580,Good Food Made Simple,"Oatmeal - Any variety - 2 ct. box
Offer only redeemable at Target","Offer valid on Good Food Made Simple Oatmeal for any variety, in 2 ct. box

Offer only redeemable at Target.",http://s3.amazonaws.com/ibotta-product/offer/ufMywE29Ss_BpouONNn-JQ-large.png,2016-02-14 06:59:00 UTC
1587,Fruttare® Frozen Fruit Bars,"Any Variety - 4 ct. or larger
Offer only redeemable at Target","Offer valid on Fruttare® Frozen Fruit Bars for any variety, 4 ct or larger box.

Offer only redeemable at Target.",http://s3.amazonaws.com/ibotta-product/offer/4LJQ-ucFW0PTe_f8gMaLEg-large.png,2016-02-07 06:59:00 UTC
1662,DeLallo® Whole Wheat Organic Pasta,"Any variety - Any size
Offer only redeemable at Whole Foods and Sprouts","Offer valid on DeLallo® Whole Wheat Organic Pasta for any variety, in any size.

Offer only redeemable at Whole Foods and Sprouts.",http://s3.amazonaws.com/ibotta-product/offer/jWJgbxqyHJveQ-bJNqDDnw-large.png,2016-04-03 06:59:00 UTC
1668,Little Duck Organics,"Mighty Oats - Any variety
Offer only redeemable at Whole Foods and Babies""R""Us","Offer valid on Little Duck Organics Mighty Oats for any variety.

Offer only redeemable at Whole Foods and Babies""R""Us.",http://s3.amazonaws.com/ibotta-product/offer/x-8qQ6KdkEB-dJfe08Q7rw-large.png,2016-03-25 06:59:00 UTC
1674,Enjoy Life®,Mountain Mambo Seed & Fruit Mix variety only,Offer valid on Enjoy Life® Mountain Mambo Seed & Fruit Mix variety only. Offer excludes Enjoy Life® Beach Bash Seed & Fruit Mix variety and any Grab & Go Packs.,http://s3.amazonaws.com/ibotta-product/offer/5cdJiTJasOrEjIKnfElt5w-large.png,2016-03-27 06:59:00 UTC
1675,Enjoy Life® Plentils,"Any variety - 4 oz. bag only
Offer only redeemable at Target","Offer valid on Enjoy Life® Plentils for any variety, in 4oz. bag only.  Offer excludes Enjoy Life® Grab & Go Packs.

Offer only redeemable at Target.",http://s3.amazonaws.com/ibotta-product/offer/vNmpIEhE54uWvHy7keUbTw-large.png,2016-03-27 06:59:00 UTC
1677,Enjoy Life® Soft Baked Cookies,Any variety - 6 oz. box,Offer valid on Enjoy Life® Soft Baked Cookies for any variety.  Offer excludes Enjoy Life® Crunchy Cookies.,http://s3.amazonaws.com/ibotta-product/offer/NwS_hbMv0prqAraK_zK-Vw-large.png,2016-03-27 06:59:00 UTC
1724,Philips Sonicare,HX3631 PowerUp Battery Toothbrush Starter Kit - Orange or Blue Handle,"Offer valid on Philips Sonicare HX3631 PowerUp Battery Toothbrush Starter Kit, in Orange or Blue Handle only.",http://s3.amazonaws.com/ibotta-product/offer/pK7gsMOTKPJ2d7tfP-SAHQ-large.png,2016-02-21 06:59:00 UTC
1820,Healthy Choice® Baked Entrees,"Any variety - Any size
Offer only redeemable at Target","Offer valid on Healthy Choice® Baked Entrees for any variety, in any size. Offer excludes any other variety of Healthy Choice® frozen meals.

Offer only redeemable at Target.",http://s3.amazonaws.com/ibotta-product/offer/cj_yZo-7-5y6SxprUceQQA-large.png,2016-03-07 06:59:00 UTC
1821,Healthy Choice® 100% Natural Café Steamers,"Any variety - Any size
Offer only redeemable at Target","Offer valid on Healthy Choice® 100% Natural Café Steamers for any variety, in any size. Offer excludes any other variety of Healthy Choice® frozen meals.

Offer only redeemable at Target.",http://s3.amazonaws.com/ibotta-product/offer/9Cy70KDQ85x6TspJ0pVtcw-large.png,2016-03-07 06:59:00 UTC
1895,Little Duck Organics,Tiny Fruits - Any variety,Offer valid on Little Duck Organics Tiny Fruits for any variety.,http://s3.amazonaws.com/ibotta-product/offer/-JAwDs62iJbDvYDb5ZITiw-large.png,2016-03-25 06:59:00 UTC
1920,Organic Peace Cereal®,"Any Organic Variety - 11 oz. or Larger
Offer only redeemable at Whole Foods","Offer valid on Organic Peace Cereal®  for any organic variety, in any 11 oz. or larger.

Offer only redeemable at Whole Foods.",http://s3.amazonaws.com/ibotta-product/offer/oq3cCAbBocK52uwaWPiv8g-large.png,2016-04-03 06:59:00 UTC
1925,Willamette Valley Granola brand                             Granola Chips,Any variety - 6.2 oz. or Larger,"Offer valid on Willamette Valley Granola brand Granola Chips for any variety, in any 6.2 oz. or larger.",http://s3.amazonaws.com/ibotta-product/offer/pgu8Do4h9Ix5ZupyU-ss5w-large.png,2016-04-03 06:59:00 UTC
1932,PediaSure®,"Any variety - Any 6 ct. pack or larger
See Product Detail for more information","Offer valid on PediaSure®  for any variety, in any 6 ct. pack or larger.

Consult your health care professional for use with children under 2 years of age.",http://s3.amazonaws.com/ibotta-product/offer/jS-nS7rnXrvYfFwU9KjWcA-large.png,2016-03-07 06:59:00 UTC
1955,Willamette Valley Granola brand                             Granola Chips,Any variety - 6.2 oz. or Larger,"Offer valid on Willamette Valley Granola brand Granola Chips for any variety, in any 6.2 oz. or larger.",http://s3.amazonaws.com/ibotta-product/offer/pgu8Do4h9Ix5ZupyU-ss5w-large.png,2016-04-03 06:59:00 UTC
2015,Campbell's® Dinner Sauces,"Slow Cooker and Skillet Sauces - Any size.
Offer only redeemable at Walmart","Offer valid on Campbell's® Slow Cooker and Skillet Sauces, in any size.
Find them in the pasta aisle!

Offer only redeemable at Walmart.",http://s3.amazonaws.com/ibotta-product/offer/RD4dRgwTxu7SdHAARFjgpw-large.png,2016-02-21 06:59:00 UTC
2061,JUST CHILL®,"Relaxation Drink
Any variety - Any 12 oz. can","Offer valid on JUST CHILL® Relaxation Drink for any variety, in any 12 oz. can.

Offer only redeemable at Vons.",http://s3.amazonaws.com/ibotta-product/offer/iKDE_ET_8EZ44FiGzn326A-large.png,2016-02-21 06:59:00 UTC
2064,Ian's® Fish Sticks,"Any variety – Family Packs only
Offer only redeemable at Whole Foods","Offer valid on Ian's® Fish Sticks for any variety, in Family Packs only.

Offer only redeemable at Whole Foods.",http://s3.amazonaws.com/ibotta-product/offer/5Mt1F9NFfwImRkAl85qZfQ-large.png,2016-02-18 06:59:00 UTC
2065,Ian's® All Natural Breaded Organic Chicken Nuggets,"Any variety – Family Packs only
Offer only redeemable at Whole Foods","Offer valid on Ian's® All Natural Breaded Organic Chicken Nuggets for any variety, in Family Packs only. Excludes Ian’s® Non-Organic Breaded Chicken Nuggets.

Offer only redeemable at Whole Foods.",http://s3.amazonaws.com/ibotta-product/offer/UhFrPN9gxbSaQN9nR7cnJw-large.png,2016-02-18 06:59:00 UTC
2085,JUST CHILL®,"Relaxation Drink
Any variety - Any 12 oz. can","Offer valid on JUST CHILL® Relaxation Drink for any variety, in any 12 oz. can.

Offer only redeemable at Pavillions.",http://s3.amazonaws.com/ibotta-product/offer/oYaMHcOE-gLG81A0lgtZlA-large.png,2016-02-21 06:59:00 UTC
2094,RUNA® Tea Bottles,"Any variety - Any 14 oz. bottle
Offer only redeemable at Wegmans","Offer valid on RUNA® Tea Bottles for any variety, in any 14 oz. bottle.

Offer only redeemable at Wegmans.",http://s3.amazonaws.com/ibotta-product/offer/5nlC1GhIPnwgJAHBfqH7BQ-large.png,2016-03-25 06:59:00 UTC
2170,Bhakti Chai,"Ready-To-Drink 16 oz. Bottle - Iced Chai
Original * Semi-Sweet * Decaf * Coffee-Blend","Offer valid on Bhakti Ready-To-Drink Chai, For any variety, in 16 oz. bottle. Offer only redeemable at King Soopers.",http://product-images.ibotta.com/offer/eJ3W0yT9RY5de1j_Tn3L2Q-large.png,2016-04-03 06:59:00 UTC
2185,Pyrex® Glassware Products,Any variety - Any size,"Offer valid on Pyrex® products for any variety, in any size.",http://s3.amazonaws.com/ibotta-product/offer/Jg6zmt7mPHlcKXCYyvKGHw-large.png,2016-02-13 06:59:00 UTC
2204,DRY® Soda,"Any flavor - Any 12 oz. can
Offer only redeemable at Kroger","Offer valid on DRY® Soda for any flavor, in any 12 oz. can. Offer only redeemable at Kroger.",http://s3.amazonaws.com/ibotta-product/offer/MNRXg62xRJDiF29PT3Q-iQ-large.png,2016-04-03 06:59:00 UTC
2212,DRY® Soda,"Any flavor - Any 12 oz. can
Offer only redeemable at Fred Meyer","Offer valid on DRY® Soda for any flavor, in any 12 oz. can. Offer only redeemable at Fred Meyer.",http://s3.amazonaws.com/ibotta-product/offer/MNRXg62xRJDiF29PT3Q-iQ-large.png,2016-04-03 06:59:00 UTC
2213,DRY® Soda,"Any flavor - Any 12 oz. can
Offer only redeemable at QFC","Offer valid on DRY® Soda for any flavor, in any 12 oz. can. Offer only redeemable at QFC.",http://s3.amazonaws.com/ibotta-product/offer/MNRXg62xRJDiF29PT3Q-iQ-large.png,2016-04-03 06:59:00 UTC
2214,DRY® Soda,"Any flavor - Any 12 oz. can
Offer only redeemable at Smith's","Offer valid on DRY® Soda for any flavor, in any 12 oz. can. Offer only redeemable at Smith's.",http://s3.amazonaws.com/ibotta-product/offer/MNRXg62xRJDiF29PT3Q-iQ-large.png,2016-04-03 06:59:00 UTC
2215,DRY® Soda,"Any flavor - Any 12 oz. can
Offer only redeemable at Fry's","Offer valid on DRY® Soda for any flavor, in any 12 oz. can. Offer only redeemable at Fry's.",http://s3.amazonaws.com/ibotta-product/offer/MNRXg62xRJDiF29PT3Q-iQ-large.png,2016-04-03 06:59:00 UTC
2216,DRY® Soda,"Any flavor - Any 12 oz. can
Offer only redeemable at King Soopers","Offer valid on DRY® Soda for any flavor, in any 12 oz. can. Offer only redeemable at King Soopers.",http://s3.amazonaws.com/ibotta-product/offer/MNRXg62xRJDiF29PT3Q-iQ-large.png,2016-04-03 06:59:00 UTC
2218,DRY® Soda,"Any flavor - Any 12 oz. can
Offer only redeemable at Dillons","Offer valid on DRY® Soda for any flavor, in any 12 oz. can. Offer only redeemable at Dillons.",http://s3.amazonaws.com/ibotta-product/offer/MNRXg62xRJDiF29PT3Q-iQ-large.png,2016-04-03 06:59:00 UTC
2353,Ridley's Private Label Bread,"Any variety - 10 oz. or larger
Offer only redeemable at Ridley's Family Markets","Offer valid on Ridley's Private Label Bread for any variety, 10 oz. or larger.
Offer only redeemable at Ridley's Family Markets.",http://s3.amazonaws.com/ibotta-product/offer/Fy1_scs3JZ6Ip_DbjyQh9A-large.png,2016-02-20 06:59:00 UTC
2354,Ridley's Famous Fresh Fried Chicken,"8 piece basket
Offer only redeemable at Ridley's Family Markets","Offer valid on Ridley's Famous Fresh Fried Chicken, in 8 piece basket.
Ridley's Family Markets.",http://s3.amazonaws.com/ibotta-product/offer/qarfhw9GjaiPY51efQ6cxA-large.png,2016-02-20 06:59:00 UTC
2368,Corelle® Dinnerware Set,Any variety - 16 piece set,"Offer valid on Corelle® Dinnerware Set for any variety, in 16 piece set",http://s3.amazonaws.com/ibotta-product/offer/3W5QuGzFWZq6e07FwHtdPA-large.png,2016-02-07 06:59:00 UTC
2369,"Corelle®
Plate or Bowl",Any single product - Any size,"Offer valid on Corelle® Plate or Bowl for any single product, in any size.",http://s3.amazonaws.com/ibotta-product/offer/Lun_Z6zV4EXMLf_WDP8aJA-large.png,2016-02-07 06:59:00 UTC
2378,JC's Pie Pops,Any variety - 2 ct. box,"Offer valid on JC's Pie Pops for any variety, in 2 ct. box",http://s3.amazonaws.com/ibotta-product/offer/mEquLBIVn_EsygEzhvcvAA-large.png,2016-03-21 06:59:00 UTC
2419,"Nature Valley®
Breakfast Biscuits","Honey or Blueberry varieties - 5 ct box
Offer only redeemable at Food Lion","Offer valid on Nature Valley® Breakfast Biscuits for Honey or Blueberry, in 5 ct box only.",http://s3.amazonaws.com/ibotta-product/offer/dVY_fI4thCmJhBGH5xy-Cw-large.png,2016-02-12 05:59:00 UTC
2420,"Betty Crocker®
Despicable Me Fruit Snacks","8 oz box only
Offer only redeemable at Food Lion","Offer valid on Betty Crocker® Despicable Me Fruit Snacks, in 8 oz box only.
Offer only redeemable at Food Lion.
Despicable Me and related characters are trademarks and copyrights of Universal Studios. Licensed by Universal Studios Licensing LLC. All Rights Reserved. www.despcicableme.com",http://s3.amazonaws.com/ibotta-product/offer/HvZVNjggkMl9TENffto2fQ-large.png,2016-02-12 05:59:00 UTC
2421,"Fruit by the Foot®
Flavor Mixers","6 ct. box
Offer only redeemable at Food Lion","Offer valid on Fruit by the Foot® Flavor Mixers, in 6 ct box only.
Offer only redeemable at Food Lion.",http://s3.amazonaws.com/ibotta-product/offer/DuaX25U9GMir3X_RkDpDQg-large.png,2016-02-12 05:59:00 UTC
2422,Chocolate Toast Crunch™,"12.3 oz box
Offer only redeemable at Food Lion","Offer valid on Chocolate Toast Crunch™, in 12.3 oz box
Offer only redeemable at Food Lion",http://s3.amazonaws.com/ibotta-product/offer/WqrQbH3DPMRwkmnJoCl3UQ-large.png,2016-02-12 05:59:00 UTC
2423,Fiber One® Protein Cereal,"Protein variety only - 12.4 oz. box
Offer only redeemable at Food Lion","Offer valid on Fiber One® Protein Cereal, in 12.4 oz box only.
Offer only redeemable at Food Lion.",http://s3.amazonaws.com/ibotta-product/offer/FYmf1-jiyZEyVeWvPbES9w-large.png,2016-02-12 05:59:00 UTC
2450,REDBUD FARMS™ Ice Cream,Any variety - 56 oz. carton,"Offer valid on REDBUD FARMS™ Ice Cream for any variety, in 56 oz. carton.",http://s3.amazonaws.com/ibotta-product/offer/qyW28X2Z0xGBdktK7aU_7Q-large.png,2016-02-21 06:59:00 UTC
2454,NatureRaised Farms™,Frozen Chicken - Any variety,"Offer valid on NatureRaised Farms™ Frozen Chicken, for any variety.",http://s3.amazonaws.com/ibotta-product/offer/Fm0SfAiSMwrUjBzwHRAMog-large.png,2016-04-03 06:59:00 UTC
2480,"Bil-Jac®
Dry Dog Food","Any 4 or 6 lb. bag

Offer only redeemable at PetSmart or Petco","Offer valid on Bil-Jac® Dry Dog Food for any 4 or 6 lb. bag.

Offer only redeemable at PetSmart or Petco.",http://s3.amazonaws.com/ibotta-product/offer/mfRo3GXLVsSDKUMBXQD1lw-large.png,2016-02-27 06:59:00 UTC
2481,"Bil-Jac®
Dry Dog Food","Any 24 or 30 lb. bag

Offer only redeemable at PetSmart or Petco","Offer valid on Bil-Jac® Dry Dog Food for any 24 or 30 lb. bag.

Offer only redeemable at PetSmart or Petco.",http://s3.amazonaws.com/ibotta-product/offer/9sRamEBigxYoRIQUlp8LbA-large.png,2016-02-27 06:59:00 UTC
2482,"Bil-Jac®
Dry Dog Food","Any 15 lb. bag

Offer only redeemable at PetSmart or Petco","Offer valid on Bil-Jac® Dry Dog Food for any 15 lb. bag.

Offer only redeemable at PetSmart or Petco.",http://s3.amazonaws.com/ibotta-product/offer/9sRamEBigxYoRIQUlp8LbA-large.png,2016-02-27 06:59:00 UTC
2496,RUNA® Hot Tea Boxes,"Any variety - Any 16 ct. box
Offer only redeemable at Wegmans","Offer valid on RUNA® Hot Tea Boxes for any variety, in any 16 ct. box.

Offer only redeemable at Wegmans.",http://s3.amazonaws.com/ibotta-product/offer/CVCPdZl4bKElgcCATowGBA-large.png,2016-03-25 06:59:00 UTC
2508,Brita® Pitchers,Any variety - Any size,"Offer valid on Brita® Pitchers for any variety, in any size. Brita® filters excluded.",http://s3.amazonaws.com/ibotta-product/offer/Ra71IPbjG9TaXbk3qfFPiw-large.png,2016-03-07 06:59:00 UTC
2509,Brita® Bottles,Any variety - Any size,"Offer valid on Brita® Pitcher for any variety, in any size. Brita® filters excluded.",http://s3.amazonaws.com/ibotta-product/offer/qlnTwBrc3EK2E565idbq1g-large.png,2016-03-06 06:59:00 UTC
2510,Quaker® Breakfast Shake,"Any flavor - 4 ct.
Offer only redeemable at Walmart","Offer valid on Quaker® Breakfast Shake for any variety, in 4 ct. size only.

Offer only redeemable at Walmart.",http://s3.amazonaws.com/ibotta-product/offer/HH40RLibH0iLeoCdrpJRzA-large.png,2016-02-12 06:59:00 UTC
2573,$8 Southwest Pairings,"Tap for details!
Offer only redeemable at Chili's","Enjoy Chili's new $8 Southwest Pairings and create your perfect combination!

Choose any two of the following items, served with rice and black beans:
• Tostada (Choose Beef or Chicken)
• Green Chile Chicken Enchilada
• Sour Cream Chicken Enchilada
• Beef Enchilada
• Cheese Enchilada
• Soft Taco (Choose Beef or Chicken)
• Crispy Taco (Choose Beef or Chicken)
• Chicken Quesadillas
• House Salad or Cup of Soup

Offer only redeemable at Chili's.",http://s3.amazonaws.com/ibotta-product/offer/mmjv5ELCxKBWuRxhWxZZIw-large.png,2016-02-18 06:59:00 UTC
2576,"New Fresh Mex Bowls
at Chili's","Tap for details!
Offer only redeemable at Chili's","Offer valid on New Fresh Mex Bowls at Chili's.

Choose from the Chipotle Chicken Fresh Mex Bowl or the Margarita Chicken Fresh Mex Bowl.

Offer only redeemable at Chili's.",http://s3.amazonaws.com/ibotta-product/offer/G4olwc_ttJVtUSjeA4HPcA-large.png,2016-02-18 06:59:00 UTC
2584,Enjoy Life®,"Mountain Mambo Seed & Fruit Mix variety only
Offer only redeemable at Whole Foods","Offer valid on Enjoy Life® Mountain Mambo Seed & Fruit Mix variety only. Offer excludes Enjoy Life® Beach Bash Seed & Fruit Mix variety and any Grab & Go Packs.

Offer only redeemable at Whole Foods.",http://s3.amazonaws.com/ibotta-product/offer/5cdJiTJasOrEjIKnfElt5w-large.png,2016-03-27 06:59:00 UTC
2585,Enjoy Life® Plentils,"Any variety - 4 oz. bag only
Offer only redeemable at Whole Foods","Offer valid on Enjoy Life® Plentils for any variety, in 4oz. bag only.  Offer excludes Enjoy Life® Grab & Go Packs.

Offer only redeemable at Whole Foods.",http://s3.amazonaws.com/ibotta-product/offer/vNmpIEhE54uWvHy7keUbTw-large.png,2016-03-27 06:59:00 UTC
2608,Revolution Foods Meal Kits,Any variety - Any size,"Offer valid on Revolution Foods Meal Kits for any variety, in any size.",http://s3.amazonaws.com/ibotta-product/offer/YWPn2NeSb97WqwUK9EIcMw-large.png,2016-03-25 06:59:00 UTC
2644,Green Giant®,"Seasoned Steamers™ and Valley Fresh Steamers® - Any variety - 11 oz. bag or larger
Offer only redeemable at H-E-B","Offer valid on Green Giant® Seasoned Steamers™ and Valley Fresh Steamers® for any variety, in 11 oz. bag or larger.
Offer only redeemable at H-E-B.",http://s3.amazonaws.com/ibotta-product/offer/Oscx3WPuJgCRk0i4I01ICg-large.png,2016-02-18 06:59:00 UTC
2649,Totinos® Pizza Rolls,"BOLD varieties only - 17.4 oz bag
Offer only redeemable at H-E-B","Offer valid on Totinos® Pizza Rolls for BOLD varieties only, in 17.4 oz bag. Offer only redeemable at H-E-B.",http://s3.amazonaws.com/ibotta-product/offer/abVuw_vfM2VkFVB7YZ3LOw-large.png,2016-02-18 06:59:00 UTC
2651,"EVOL Foods®
Any EVOL Burrito or Entree","Any variety - Any size
Offer excludes Multiserve Meals","Offer valid on any EVOL Foods® Burrito or Entree for any variety, in any size.

Offer excludes Multiserve Meals.",http://s3.amazonaws.com/ibotta-product/offer/G0cNkhtwm8K9JqxDdDAFpg-large.png,2016-02-12 06:59:00 UTC
2652,Totino's Party Pizza®,"Any variety - 9-12 oz.
Offer only redeemable at H-E-B","Offer valid on Totino's Party Pizza® for any variety, in 9-12 oz. sizes. Offer excludes Totino's Pizza Rolls® and Totino's® Jeno's Pizza. Offer excludes BIG Party Pizza® and Family Size Party Pizza® sizes.

Offer only redeemable at H-E-B.",http://product-images.ibotta.com/product/177308/PgcLaNz3kLe4BWdmb7oR5w-large.png,2016-02-18 06:59:00 UTC
2653,Old El Paso™ Frozen Entrées,"Enchiladas, Burritos, Quesadillas, or Fajitas - 20 oz. package
Offer only redeemable at H-E-B","Offer valid on Old El Paso™ Frozen Entrées for Enchiladas, Burritos, Quesadillas, or Fajitas, in 20 oz. package. Offer only redeemable at H-E-B.",http://s3.amazonaws.com/ibotta-product/offer/mLqI7JDo_hEiiX7-CmCEJQ-large.png,2016-02-18 06:59:00 UTC
2654,"EVOL Foods®
Any NEW Multiserve Meal","Any variety - Any size
Offer only redeemable at Target","Offer valid on any EVOL Foods® NEW Multiserve Meal for any variety, in any size.

Offer only redeemable at Target.",http://s3.amazonaws.com/ibotta-product/offer/eNrP3hPW87CL4FsvOSZ2UA-large.png,2016-02-12 06:59:00 UTC
2655,Pillsbury Toaster Strudel®,"Any variety - 6 ct. box or larger
Offer only redeemable at H-E-B","Offer valid on Pillsbury Toaster Strudel® for any variety, in 6 ct. box or larger. Offer only redeemable at H-E-B.",http://s3.amazonaws.com/ibotta-product/offer/d4JQYfaoB9LK9XCVu1YvXA-large.png,2016-02-18 06:59:00 UTC
2657,Yoplait® Go-Gurt®,"Any variety - 8 ct. or 16 ct. box
Offer only redeemable at H-E-B","Offer valid on Yoplait® Go-Gurt® for any variety, in 8 ct. or 16 ct. box . Offer only redeemable at H-E-B.",http://s3.amazonaws.com/ibotta-product/offer/AgxuuPwBdjxtnqVspr-Sxw-large.png,2016-02-18 06:59:00 UTC
2658,"Pillsbury® Gluten Free
Refrigerated Dough","Any variety - 14.3 oz. tub
Offer only redeemable at H-E-B","Offer valid on Pillsbury® Gluten Free Refrigerated Dough for any variety, in a 14.3 oz. tub.

Offer only redeemable at H-E-B.",http://s3.amazonaws.com/ibotta-product/offer/cGCw1Pj5o3WZf6jy1tUw5w-large.png,2016-02-18 06:59:00 UTC
2668,Nathan's Famous® Snacks,Any variety - Any size,"Offer valid on Nathan's Famous® Snacks for any variety, in any size.",http://s3.amazonaws.com/ibotta-product/offer/Xsk1GtIUHbBEfZD2QAiouQ-large.png,2016-04-03 06:59:00 UTC
2737,Old El Paso™,"Any item - Any size
Offer only redeemable at Kroger","Offer valid on Old El Paso™ product, in any size. Offer only redeemable at Kroger.",http://s3.amazonaws.com/ibotta-product/offer/ZJmMJARgRnl1jScqET3ZBQ-large.png,2016-02-27 06:59:00 UTC
2791,Harry Potter,DVD or Blu-ray™ Disc,Offer valid on any Harry Potter DVD or Blu-ray™ Disc. Offer includes Digital Combo Packs and any Harry Potter DVD or Disc collection packs.,http://s3.amazonaws.com/ibotta-product/offer/-kz9Jh83G9CWVZ9-Gp-wKA-large.png,2016-02-17 06:59:00 UTC
2825,Make It A Combo,"Tap for details!
Offer only redeemable at Chili's®","Offer valid on Make It A Combo. Offer only redeemable at Chili's®.

Choose any two, all served with loaded mashed potatoes & steamed broccoli:
• Half Rack of Baby Back Ribs
• Monterey Chicken®
• Margarita Grilled Chicken (Lighter Choice item)
• Salmon with Garlic & Herbs (Also available as Lighter Choice)
• Spicy Garlic & Lime Grilled Shrimp
• 6 oz. Classic Sirloin* (Also available as Lighter Choice",http://s3.amazonaws.com/ibotta-product/offer/CyjddvNf4MrYPgGBDp2G2w-large.png,2016-02-18 06:59:00 UTC
2845,"V05® Salon Series™
Shampoo or Conditioner","Any variety - Any size
Offer only redeemable at Walmart","Offer valid on V05® Salon Series™ Shampoo or Conditioner for any variety, in any size.

Offer only redeemable at Walmart.",http://s3.amazonaws.com/ibotta-product/offer/171uwFJYf9D9PcrKfphQ_A-large.png,2016-02-12 06:59:00 UTC
2880,That Awkward Moment,"Offer valid on single movie admission ticket
Must keep ticket stub to redeem offer
See details for more information","Offer valid on single movie admission ticket purchase ONLY at participating theaters. To verify the redemption, you must submit a picture of a ticket stub generated at the Box Office or theater kiosk.

The ticket stub MUST include:
-Name of Movie
-Time and date of showing
-Price of ticket
-Auditorium number

Participating movie theaters include:
-AMC Theatres
-Regal Cinemas
-United Artist Theatres
-Edwards Theatres

Offer does not include:
-Any print at home tickets
-Any movie theater concession purchases
-Any electronic tickets",http://s3.amazonaws.com/ibotta-product/offer/FCaG4a7_ralYknMa3GoGGg-large.png,2016-02-13 06:59:00 UTC
2882,Orgain™,"Organic Nutritional Shakes
Any Flavor - 4 Count","Offer valid on Orgain™ Organic Nutritional Shakes in any flavor, in the 4 count size.",http://s3.amazonaws.com/ibotta-product/offer/GlOrooAtW5QQklkiUP6jAA-large.png,2016-02-19 00:00:00 UTC
2883,Orgain™,"Organic Nutritional Shake
Any Flavor - Single carton sizes","Offer valid on Orgain™ Organic Nutritional Shake in any flavor, in single carton sizes.",http://s3.amazonaws.com/ibotta-product/offer/BDAU5LhTUsYwXa50ThquNw-large.png,2016-02-19 00:00:00 UTC
2886,Jif® Whips,"Any variety - 15 or 15.9 oz container
Offer only redeemable at Walmart","Offer valid on Jif® Whips for any variety, in 15 or 15.9 oz container. Offer only redeemable at Walmart.",http://s3.amazonaws.com/ibotta-product/offer/ZFwJj0vmNxf48gMwrXFSaA-large.png,2016-03-25 06:59:00 UTC
2893,One Gallon White Milk,"Any Brand - Limited time only
Excludes all flavored & non-dairy varieties","LIMITED TIME OFFER!

Redeem our Any Brand milk offer ($.50) along with ANY 2 additional offers to earn a $.50 Bonus! You'll also earn cash from the 2nd and 3rd offers. Hurry as our milk offer & bonus both expire on Sunday night!

Offer valid on Any Brand of white milk, 1 gallon size only. Offer includes whole, skim, non-fat, low-fat (1%), and reduced-fat (2%) milk varieties. This does not include any flavored milk varieties or non-dairy milk varieties.

If you scan a product in store and it doesn't match the offer but you believe it is eligible, please send two pictures to addupc@ibotta.com of:
1) the front of the product
2) the UPC barcode on the product.
If it is an eligible item, we will add it to our database so you can redeem it successfully.",http://s3.amazonaws.com/ibotta-product/offer/6H55-i82Dw-SYYnmO4uY-Q-large.png,2016-02-10 06:59:00 UTC
2904,Glade® Wax Melts,"Buy any two (2)
Any fragrance - Any size
See details for more information","Offer valid on Glade® Wax Melts. Buy any two (2) for any fragrance, in any size.

Offer includes all Glade® Wax Melts variety packs and refills. Offer excludes all Glade® Wax Melts warmers.

Both Glade® Wax Melts must be purchased on the same shopping trip to receive credit for this offer.",http://s3.amazonaws.com/ibotta-product/offer/b93TcK_9oC4TNWNEXhTefg-large.png,2016-02-20 06:59:00 UTC
2912,Gatorade Recover® Whey Protein Bar,"Any variety - 1 bar
Offer only redeemable at Publix","Offer valid on Gatorade Recover® Whey Protein Bar for any variety, in 1 ct. Offer only redeemable at Publix.",http://s3.amazonaws.com/ibotta-product/offer/UUwsZQaecx-u4SUcWi2nqw-large.png,2016-02-20 06:59:00 UTC
2917,Barilla PLUS®,"Any variety - Any size
Offer only redeemable at Target","Offer valid on Barilla PLUS® for any variety, in any size.

Offer only redeemable at Target.",http://s3.amazonaws.com/ibotta-product/offer/tuPu9xGim8Bzt8qTx8q52Q-large.png,2016-03-27 06:59:00 UTC
2926,Select Flavors from Pepsi®,"All Sierra Mist®, Crush®, Mug® Root Beer, Brisk® Iced Tea flavors and varieties in 12 oz. can 12-packs. Offer valid only at Publix.","Offer valid on Select Flavors from Pepsi® for all Sierra Mist®, Crush®, Mug® Root Beer, Brisk® Iced Tea flavors and varieties in 12 oz. can 12-packs. Offer valid only at Publix.",http://s3.amazonaws.com/ibotta-product/offer/78N-9I-cx5_cRL3C1WIc7Q-large.png,2016-03-27 06:59:00 UTC
2929,"Pillsbury® Funfetti®
Glazed Chocolate Lil' Donut Kit","16 oz. box
Offer only redeemable at Walmart","Offer valid on Pillsbury® Funfetti® Lil' Donut Kit for Glazed Chocolate variety only, in 16 oz. box. Offer only redeemable at Walmart.",http://s3.amazonaws.com/ibotta-product/offer/T5Ydtrt_0radrQaRNziuTg-large.png,2016-03-06 06:59:00 UTC
2932,"Pillsbury® Funfetti®
Maple Glazed Lil' Donut Kit","16 oz. box
Offer only redeemable at Walmart","Offer valid on Pillsbury® Funfetti® Lil' Donut Kit for Maple Glazed variety only, in 16 oz. box. Offer only redeemable at Walmart.",http://s3.amazonaws.com/ibotta-product/offer/iHSmhmYwJarptMsn9Vlm0Q-large.png,2016-03-06 06:59:00 UTC